USE messanger;

INSERT INTO account (phone, first_name, last_name, created_at) VALUES
('+79001234567', 'Иван', 'Иванов', '2023-01-10 08:00:00'),
('+79002345678', 'Петр', 'Петров', '2023-01-15 09:30:00'),
('+79003456789', 'Сидор', 'Сидоров', '2023-01-20 10:15:00'),
('+79004567890', 'Анна', 'Смирнова', '2023-02-01 11:45:00'),
('+79005678901', 'Елена', 'Козлова', '2023-02-10 12:30:00'),
('+79006789012', 'Дмитрий', 'Морозов', '2023-02-15 13:15:00'),
('+79007890123', 'Ольга', 'Волкова', '2023-03-01 14:00:00'),
('+79008901234', 'Алексей', 'Соколов', '2023-03-10 15:30:00'),
('+79009012345', 'Татьяна', 'Михайлова', '2023-03-20 16:45:00'),
('+79010123456', 'Николай', 'Новиков', '2023-04-01 09:00:00'),
('+79011234567', 'Мария', 'Кузнецова', '2023-04-10 10:20:00'),
('+79012345678', 'Андрей', 'Попов', '2023-04-15 11:40:00'),
('+79013456789', 'Наталья', 'Васильева', '2023-05-01 12:55:00'),
('+79014567890', 'Сергей', 'Зайцев', '2023-05-10 14:10:00'),
('+79015678901', 'Екатерина', 'Павлова', '2023-05-15 15:25:00'),
('+79016789012', 'Артем', 'Семенов', '2023-06-01 16:40:00'),
('+79017890123', 'Юлия', 'Голубева', '2023-06-10 09:15:00'),
('+79018901234', 'Максим', 'Виноградов', '2023-06-15 10:30:00'),
('+79019012345', 'Анастасия', 'Богданова', '2023-07-01 11:45:00'),
('+79020123456', 'Денис', 'Федоров', '2023-07-10 13:00:00');

INSERT INTO account_login (account_id, client_name, last_visited_at) VALUES
(1, 'Telegram Desktop', '2024-01-15 10:30:00'),
(1, 'Telegram Android', '2024-01-14 22:15:00'),
(2, 'Telegram Desktop', '2024-01-15 09:45:00'),
(2, 'Telegram iOS', '2024-01-13 18:20:00'),
(3, 'Telegram Desktop', '2024-01-15 14:10:00'),
(3, 'Telegram Web', '2024-01-14 11:30:00'),
(4, 'Telegram iOS', '2024-01-15 08:15:00'),
(5, 'Telegram Android', '2024-01-14 23:40:00'),
(5, 'Telegram Desktop', '2024-01-13 15:20:00'),
(6, 'Telegram Desktop', '2024-01-15 12:00:00'),
(7, 'Telegram iOS', '2024-01-14 19:30:00'),
(7, 'Telegram Desktop', '2024-01-12 10:45:00'),
(8, 'Telegram Android', '2024-01-15 16:20:00'),
(9, 'Telegram Desktop', '2024-01-14 13:15:00'),
(9, 'Telegram Web', '2024-01-11 09:30:00'),
(10, 'Telegram iOS', '2024-01-15 07:50:00'),
(11, 'Telegram Android', '2024-01-14 21:10:00'),
(12, 'Telegram Desktop', '2024-01-13 17:40:00'),
(13, 'Telegram iOS', '2024-01-15 11:25:00'),
(14, 'Telegram Desktop', '2024-01-14 20:00:00');

INSERT INTO account_deleted_history (phone, report_count, deleted_at) VALUES
('+79851234567', 5, '2023-12-01 10:15:00'),
('+79852345678', 2, '2023-12-03 14:30:00'),
('+79853456789', 8, '2023-12-05 09:45:00'),
('+79854567890', 1, '2023-12-07 16:20:00'),
('+79855678901', 3, '2023-12-08 11:10:00'),
('+79856789012', 12, '2023-12-10 13:25:00'),
('+79857890123', 4, '2023-12-12 08:40:00'),
('+79858901234', 6, '2023-12-14 17:55:00'),
('+79859012345', 2, '2023-12-15 12:30:00'),
('+79860123456', 7, '2023-12-17 10:05:00'),
('+79861234567', 3, '2023-12-18 15:45:00'),
('+79862345678', 9, '2023-12-20 09:20:00'),
('+79863456789', 1, '2023-12-22 14:15:00'),
('+79864567890', 4, '2023-12-23 11:50:00'),
('+79865678901', 5, '2023-12-25 16:35:00');

INSERT INTO public_info (created_at, name, details, avatar_url) VALUES
('2023-01-10 08:00:00', 'Иван Иванов', 'Люблю путешествия и фотографию', '/avatars/ivan.jpg'),
('2023-01-15 09:30:00', 'Петр Петров', 'Спортсмен и здоровый образ жизни', '/avatars/petr.jpg'),
('2023-01-20 10:15:00', 'Сидор Сидоров', 'Разработчик игр', '/avatars/sidor.jpg'),
('2023-02-01 11:45:00', 'Анна Смирнова', 'Фотограф, люблю котиков', '/avatars/anna.jpg'),
('2023-02-10 12:30:00', 'Елена Козлова', 'Фитнес-тренер', '/avatars/elena.jpg'),
('2023-02-15 13:15:00', 'Дмитрий Морозов', 'Музыкант', '/avatars/dmitry.jpg'),
('2023-03-01 14:00:00', 'Ольга Волкова', 'Дизайнер интерьеров', '/avatars/olga.jpg'),
('2023-03-10 15:30:00', 'Алексей Соколов', 'Автомеханик', '/avatars/alexey.jpg'),
('2023-03-20 16:45:00', 'Татьяна Михайлова', 'Учитель английского', '/avatars/tatiana.jpg'),
('2023-04-01 09:00:00', 'Николай Новиков', 'Шеф-повар', '/avatars/nikolay.jpg'),
('2023-04-10 10:20:00', 'Мария Кузнецова', 'Врач-педиатр', '/avatars/maria.jpg'),
('2023-04-15 11:40:00', 'Андрей Попов', 'Студент', '/avatars/andrey.jpg'),
('2023-05-01 12:55:00', 'Наталья Васильева', 'Юрист', '/avatars/natalya.jpg'),
('2023-05-10 14:10:00', 'Сергей Зайцев', 'Программист', '/avatars/sergey.jpg'),
('2023-05-15 15:25:00', 'Екатерина Павлова', 'Менеджер проектов', '/avatars/ekaterina.jpg'),
('2023-06-01 16:40:00', 'Артем Семенов', 'Маркетолог', '/avatars/artem.jpg'),
('2023-06-10 09:15:00', 'Юлия Голубева', 'Журналист', '/avatars/yulia.jpg'),
('2023-06-15 10:30:00', 'Максим Виноградов', 'Фрилансер', '/avatars/maxim.jpg'),
('2023-07-01 11:45:00', 'Анастасия Богданова', 'Художник', '/avatars/anastasia.jpg'),
('2023-07-10 13:00:00', 'Денис Федоров', 'Копирайтер', '/avatars/denis.jpg'),
('2023-01-05 08:00:00', 'Путешественники', 'Обсуждаем поездки и страны', '/avatars/group_travel.jpg'),
('2023-01-08 09:00:00', 'IT-Братство', 'Для разработчиков', '/avatars/group_it.jpg'),
('2023-01-12 10:00:00', 'Спортзал', 'Фитнес и здоровье', '/avatars/group_sport.jpg'),
('2023-01-18 11:00:00', 'Музыкальная гостиная', 'Делимся треками', '/avatars/group_music.jpg'),
('2023-02-01 12:00:00', 'Дизайнеры', 'UI/UX и графика', '/avatars/group_design.jpg'),
('2023-02-05 13:00:00', 'Автоклуб', 'Для любителей авто', '/avatars/group_auto.jpg'),
('2023-02-10 14:00:00', 'Изучение языков', 'English, Deutsch, Español', '/avatars/group_languages.jpg'),
('2023-02-15 15:00:00', 'Кулинары', 'Рецепты и лайфхаки', '/avatars/group_cooking.jpg'),
('2023-03-01 16:00:00', 'Книжный клуб', 'Читаем и обсуждаем', '/avatars/group_books.jpg'),
('2023-03-05 17:00:00', 'Геймеры', 'Игры и приставки', '/avatars/group_games.jpg');

INSERT INTO profile (profile_id, account_id, is_last_selected, is_archived, is_can_searched, is_hide_watch, is_active) VALUES
(1, 1, true, false, true, false, true),
(2, 2, true, false, true, false, true),
(3, 3, true, false, true, true, true),
(4, 4, true, false, true, false, true),
(5, 5, true, false, true, true, true),
(6, 6, true, false, true, false, false),
(7, 7, true, false, true, true, true),
(8, 8, true, false, true, false, true),
(9, 9, true, false, true, false, true),
(10, 10, true, false, true, true, true),
(11, 11, true, false, true, false, true),
(12, 12, true, false, true, false, false),
(13, 13, true, false, true, true, true),
(14, 14, true, false, true, false, true),
(15, 15, true, false, true, true, true),
(16, 16, true, false, true, false, true),
(17, 17, true, false, true, false, true),
(18, 18, true, false, true, true, true),
(19, 19, true, false, true, false, true),
(20, 20, true, false, true, false, true);

INSERT INTO profile_subscribe_invite (profile_id, position, name, url_value, miniature_url, inviting_limit, is_auto_accept) VALUES
(1, 1, 'Друзья', 'ivan_friends', '/mini/ivan_friends.jpg', 50, false),
(1, 2, 'Близкие', 'ivan_close', '/mini/ivan_close.jpg', 10, true),
(2, 1, 'Спорт', 'petr_sport', '/mini/petr_sport.jpg', 100, false),
(3, 1, 'GitHub', 'sidor_github', '/mini/sidor_github.jpg', NULL, true),
(4, 1, 'Фото', 'anna_photo', '/mini/anna_photo.jpg', 200, false),
(5, 1, 'Фитнес', 'elena_fit', '/mini/elena_fit.jpg', 500, true),
(6, 1, 'Музыка', 'dmitry_music', '/mini/dmitry_music.jpg', NULL, false),
(7, 1, 'Дизайн', 'olga_design', '/mini/olga_design.jpg', 30, true),
(8, 1, 'Авто', 'alexey_auto', '/mini/alexey_auto.jpg', 100, false),
(9, 1, 'Английский', 'tatiana_eng', '/mini/tatiana_eng.jpg', 150, true),
(10, 1, 'Кулинария', 'chef_nikolay', '/mini/chef_nikolay.jpg', 1000, true),
(11, 1, 'Медицина', 'dr_maria', '/mini/dr_maria.jpg', 200, false),
(12, 1, 'Учеба', 'andrey_study', '/mini/andrey_study.jpg', 30, true),
(13, 1, 'Право', 'natalya_law', '/mini/natalya_law.jpg', 100, false),
(14, 1, 'Код', 'sergey_code', '/mini/sergey_code.jpg', NULL, true),
(15, 1, 'Проекты', 'ekaterina_pm', '/mini/ekaterina_pm.jpg', 50, false);

INSERT INTO profile_subscribe (profile_at, profile_to, subscribed_at, invite_position, status) VALUES
(2, 1, '2024-01-10 09:15:00', 1, 'accept'),
(3, 1, '2024-01-11 14:30:00', 2, 'accept'),
(4, 1, '2024-01-12 11:20:00', 1, 'request'),
(5, 2, '2024-01-09 16:45:00', 1, 'accept'),
(6, 2, '2024-01-13 10:10:00', NULL, 'ignore'),
(7, 3, '2024-01-08 13:25:00', 1, 'accept'),
(8, 3, '2024-01-14 09:50:00', NULL, 'request'),
(9, 4, '2024-01-07 15:40:00', 1, 'accept'),
(10, 4, '2024-01-15 12:15:00', NULL, 'accept'),
(11, 5, '2024-01-06 10:30:00', 1, 'accept'),
(12, 5, '2024-01-16 14:20:00', NULL, 'request'),
(13, 6, '2024-01-05 17:55:00', 1, 'accept'),
(14, 7, '2024-01-04 08:40:00', 1, 'accept'),
(15, 8, '2024-01-03 11:05:00', 1, 'accept'),
(16, 9, '2024-01-02 13:50:00', 1, 'accept'),
(17, 10, '2024-01-01 16:35:00', 1, 'accept'),
(18, 11, '2023-12-30 09:20:00', 1, 'accept'),
(19, 12, '2023-12-28 12:45:00', 1, 'ignore'),
(20, 13, '2023-12-27 15:10:00', 1, 'accept'),
(1, 14, '2023-12-26 10:55:00', 1, 'accept');

INSERT INTO profile_content_item (profile_id, forwarded_id, value, created_at) VALUES
(1, NULL, '# Мое путешествие на Байкал\n\nЭто было невероятно! **Лед Байкала** просто завораживает.\n\n- Температура: -25°C\n- Толщина льда: 70см\n\n[Фотоальбом](https://photos.example.com/baikal)', '2024-01-10 09:30:00'),
(1, NULL, '## Утренняя йога на природе\n\nКаждое утро начинаю с практики.\n\n1. **Сурья Намаскар**\n2. **Адхо Мукха Шванасана**\n3. **Врикшасана**', '2024-01-12 08:15:00'),
(1, NULL, '**Срочная новость!** 📢 Запускаю свой канал о путешествиях!', '2024-01-14 16:20:00'),
(1, 2, 'Отличный пост про йогу! А какое время для практики любите?', '2024-01-12 10:30:00'),
(2, NULL, '# Тренировка дня: ГРУДЬ + ТРИЦЕПС\n\n1. Жим штанги лежа - 4х10\n2. Жим гантелей - 4х12\n3. Французский жим - 3х15', '2024-01-09 16:45:00'),
(2, NULL, '## Мой рацион питания 🥗\n\n| Прием | Блюдо |\n|-------|-------|\n| Завтрак | Овсянка |\n| Обед | Курица с гречкой |\n| Ужин | Творог |', '2024-01-11 12:20:00'),
(2, 3, 'Крутой прогресс! Через месяц жду рекорд 💪', '2024-01-09 18:15:00'),
(3, NULL, '# Обновление игры "Space Invaders"\n\nЧто нового:\n- ✅ Мультиплеер\n- ✅ Новые уровни\n- ✅ Босс-файты\n\n[Скачать](https://game.example.com)', '2024-01-08 14:10:00'),
(3, NULL, '## Баги которые пофиксили\n\n- Вылет на Windows\n- Проблемы со звуком\n- Тени', '2024-01-13 11:05:00'),
(4, NULL, '## Мои лучшие кадры 2023 📸\n\n![Закат](https://images.example.com/sunset.jpg)\n*Снято на Canon*\n\nХотите съемку? Пишите!', '2024-01-07 11:25:00'),
(4, 8, 'Шикарные фото! А какой объектив?', '2024-01-07 13:40:00'),
(5, NULL, '# Программа "Здоровая спина"\n\n## Разминка\n- Наклоны головы\n- Вращения плечами\n\n## Основная часть\n1. "Кошка"\n2. "Лодочка"\n\n[Видео](https://youtube.com/@elena_fitness)', '2024-01-13 07:30:00'),
(6, NULL, '**Новый трек "Ночной город"** 🎵\n\nСлушать:\n- [Spotify](https://spotify.com/track/123)\n- [YouTube](https://youtube.com/watch?v=789)', '2024-01-06 19:50:00'),
(6, NULL, '## История создания трека\n\nВдохновение пришло в 3 часа ночи...', '2024-01-14 22:10:00'),
(7, NULL, '# Дизайн-проект: 45м²\n\n## Планировка\nПрихожая -> Кухня -> Гостиная\n\n## Материалы:\n- Ламинат Quick-Step\n- Краска Little Greene', '2024-01-05 12:10:00'),
(8, NULL, '# Диагностика ВАЗ-2114\n\n## Двигатель\n- Компрессия - 12 атм\n- Свечи - ОК\n\n## Ходовая\n- Ступичные - ОК\n- Шаровые - ОК', '2024-01-14 15:20:00'),
(9, NULL, '## Present Perfect 📚\n\nhave/has + V3\n\n| I/You/We/They | have |\n| He/She/It | has |', '2024-01-04 10:35:00'),
(10, NULL, '# Рецепт борща\n\n## Ингредиенты:\n- Свекла - 2 шт\n- Картофель - 4 шт\n- Капуста - 300г\n\n## Приготовление:\n1. Варим бульон\n2. Делаем зажарку\n3. Собираем', '2024-01-15 13:40:00'),
(10, NULL, '## Видео процесса\n\nСсылка на [YouTube](https://youtube.com/watch?v=borscht)', '2024-01-16 18:25:00'),
(3, 8, 'Спасибо! А на какую камеру снимали?', '2024-01-07 14:20:00'),
(5, 6, 'Классный трек! Скинь минус)', '2024-01-06 21:30:00'),
(7, 4, 'Сколько брали за дизайн?', '2024-01-05 15:40:00'),
(9, 2, 'Сегодня попробую тренировку!', '2024-01-09 19:15:00'),
(11, 1, 'Байкал - мечта! Сколько стоило?', '2024-01-10 11:45:00'),
(8, 6, 'Где скачать трек?', '2024-01-07 20:10:00'),
(12, 5, 'Спасибо за комплекс!', '2024-01-13 09:45:00');

INSERT INTO profile_content_item_report (profile_content_item_id, profile_id, account_id, reporter_profile_id, created_at, details) VALUES
(6, 3, 5, 5, '2024-01-13 10:30:00', 'Спам'),
(8, 4, 7, 7, '2024-01-12 15:45:00', 'Неприемлемый контент'),
(12, 6, 11, 11, '2024-01-10 14:15:00', 'Оскорбления'),
(14, 8, 13, 13, '2024-01-09 11:40:00', 'Реклама'),
(16, 10, 15, 15, '2024-01-08 16:25:00', 'Фейк'),
(1, 1, 2, 2, '2024-01-05 09:10:00', 'Другое'),
(3, 2, 4, 4, '2024-01-03 15:30:00', 'Спам'),
(5, 3, 6, 6, '2024-01-01 11:20:00', 'Мошенничество');

INSERT INTO profile_content_item_watch (profile_content_item_id, profile_id, watched_at) VALUES
(1, 2, '2024-01-10 19:15:00'),
(1, 3, '2024-01-10 20:30:00'),
(1, 4, '2024-01-11 08:45:00'),
(2, 5, '2024-01-12 10:20:00'),
(2, 6, '2024-01-12 11:10:00'),
(3, 7, '2024-01-09 21:30:00'),
(3, 8, '2024-01-09 22:15:00'),
(4, 9, '2024-01-12 17:50:00'),
(5, 10, '2024-01-08 15:25:00'),
(5, 11, '2024-01-08 16:40:00'),
(6, 12, '2024-01-12 18:35:00'),
(6, 13, '2024-01-12 19:20:00'),
(7, 14, '2024-01-07 12:45:00'),
(8, 15, '2024-01-14 16:10:00'),
(8, 16, '2024-01-14 17:25:00'),
(9, 17, '2024-01-04 11:15:00'),
(10, 18, '2024-01-15 14:30:00'),
(11, 19, '2024-01-03 18:05:00'),
(12, 20, '2024-01-02 15:40:00');

INSERT INTO profile_message (profile_content_item_id, profile_to, is_checked) VALUES
(2, 2, true),
(4, 3, false),
(7, 4, true),
(11, 5, true),
(13, 6, false),
(15, 7, true),
(17, 8, false),
(19, 9, true),
(21, 10, true),
(23, 11, false),
(1, 1, true),
(3, 1, false),
(5, 2, true),
(6, 3, false),
(8, 4, true),
(9, 5, true),
(10, 6, false),
(12, 7, true);

INSERT INTO profile_publication (profile_content_item_id) VALUES
(1), (2), (3), (5), (6), (7), (9), (10), (12), (13),
(14), (15), (16), (18), (19), (20), (22);

INSERT INTO profile_publication_comment (profile_publication_id, profile_content_item_id) VALUES
(1, 4),
(1, 8),
(2, 11),
(3, 17),
(4, 13),
(5, 21),
(6, 23),
(7, 4),
(8, 8),
(9, 11);

INSERT INTO profile_group_chat (profile_group_chat_id, profile_id) VALUES
(21, 1), (22, 3), (23, 5), (24, 6), (25, 7),
(26, 9), (27, 11), (28, 13), (29, 15), (30, 17);

INSERT INTO profile_group_chat_member (profile_group_chat_id, profile_id, status, custom_title) VALUES
(21, 1, 'owner', 'Создатель'),
(21, 2, 'moderator', 'Модератор'),
(21, 3, 'member', NULL),
(21, 4, 'member', NULL),
(22, 3, 'owner', 'Владелец'),
(22, 5, 'moderator', 'Хелпер'),
(22, 7, 'member', NULL),
(22, 9, 'member', NULL),
(23, 5, 'owner', 'Главный'),
(23, 10, 'moderator', 'Мод'),
(23, 12, 'member', NULL),
(24, 6, 'owner', 'Основатель'),
(24, 8, 'moderator', 'Модер'),
(24, 14, 'member', NULL),
(25, 7, 'owner', 'Admin'),
(25, 11, 'moderator', 'Moder'),
(25, 13, 'member', NULL),
(26, 9, 'owner', 'Лидер'),
(26, 15, 'moderator', 'Помощник'),
(27, 11, 'owner', 'Создатель'),
(27, 1, 'member', NULL),
(27, 2, 'member', NULL),
(28, 13, 'owner', 'Босс'),
(28, 14, 'moderator', 'Модератор'),
(29, 15, 'owner', 'Капитан'),
(29, 16, 'member', NULL),
(30, 17, 'owner', 'Глава');

INSERT INTO profile_group_chat_message (profile_content_item_id, profile_group_chat_id) VALUES
(1, 21), (2, 21), (3, 22), (4, 22), (5, 23), (6, 23),
(7, 24), (8, 24), (9, 25), (10, 25), (11, 26), (12, 26),
(13, 27), (14, 27), (15, 28), (16, 28), (17, 29), (18, 29),
(19, 30), (20, 30), (21, 21), (22, 22), (23, 23);